ID,Type,SKU,"GTIN, UPC, EAN, or ISBN",Name,Published,"Is featured?","Visibility in catalog","Short description",Description,"Date sale price starts","Date sale price ends","Tax status","Tax class","In stock?",Stock,"Low stock amount","Backorders allowed?","Sold individually?","Weight (kg)","Length (in)","Width (in)","Height (in)","Allow customer reviews?","Purchase note","Sale price","Regular price",Categories,Tags,"Shipping class",Images,"Download limit","Download expiry days",Parent,"Grouped products",Upsells,Cross-sells,"External URL","Button text",Position,Brands,"Blocksy Custom Data","Attribute 1 name","Attribute 1 value(s)","Attribute 1 visible","Attribute 1 global","Attribute 1 default"
2098,simple,,,"Birthday Gift Box for Him",1,0,visible,"Searching for the perfect birthday gift hamper for him?\n\nThis premium birthday gift hamper for men is curated with premium essentials, stylish accessories and thoughtful surprises to make his birthday unforgettable.\n\nOur Boxes are made of Premium Wood. Contact Us for Curation of Custom Boxes.","What’s Inside this Hamper\n<ul>\n 	<li><strong>Body Mist by <a href=""https://www.themancompany.com/"" target=""_blank"" rel=""nofollow noopener"">The Man Company</a></strong>\n<em>A refreshing everyday fragrance designed for confidence and comfort.</em></li>\n 	<li><strong>Wallet by <a href=""https://www.thewalletstore.in/"" target=""_blank"" rel=""nofollow noopener"">The Wallet Store</a></strong>\n<em>A sleek, practical wallet crafted for daily use with a refined finish.</em></li>\n 	<li><strong>Watch by <a href=""https://sylvi.in/"" target=""_blank"" rel=""nofollow noopener"">Sylvi</a></strong>\n<em>A stylish timepiece that adds a timeless touch to his everyday look.</em></li>\n 	<li><strong>Assorted Chocolates</strong>\n<em>A sweet indulgence to make birthday celebrations extra special</em>.</li>\n 	<li><strong>Coaster</strong>\n<em>A thoughtful addition for everyday moments and relaxed evenings.</em></li>\n 	<li><strong>Candles</strong>\n<em>Soft, calming candles to create a warm birthday ambience.</em></li>\n 	<li><strong>Scroll Box</strong>\n<em>A personal message holder designed to carry your feelings meaningfully.</em></li>\n 	<li><strong>Bookmark</strong>\n<em>A subtle detail for quiet moments and reading breaks.</em></li>\n 	<li><strong>Bracelet</strong>\n<em>A minimal accessory that complements everyday style.</em></li>\n 	<li><strong>Birthday Card</strong>\n<em>A heartfelt card to express what words sometimes can’t.</em></li>\n</ul>\n<h3 data-start=""1804"" data-end=""1845"">Why This Birthday Gift Box Stands Out</h3>\n<p data-start=""1846"" data-end=""2043"">This birthday gift box is curated to balance style, utility, and emotion. Every item is selected to feel purposeful, making the box ideal for thoughtful birthday gifting and not just another present.</p>\n\n<h3 data-start=""2050"" data-end=""2075"">When to Gift This Box</h3>\n<p data-start=""2076"" data-end=""2205"">Perfect for birthdays, surprise celebrations, and meaningful gestures when you want to give him something he’ll truly appreciate.</p>",,,taxable,,1,,,0,0,3,10,12,5,1,,,5499,"Birthday Gift Boxes, Gift Boxes for Him","birthday gift for him, birthday gift hamper for men, gift for men, gift hamper for boyfriend, gift hamper for husband, premium birthday gift",,https://thegiftboxx.com/wp-content/uploads/2025/10/WhatsApp-Image-2025-10-26-at-10.45.53_90ce11c4.jpg,,,,,,,,,0,,,,,,,
2167,variable,,,"Valentines Gift Box for Him",1,0,visible,"A thoughtfully curated Valentine’s gift box designed to make him feel truly special. Premium products, elegant wooden packaging, and a meaningful unboxing experience, perfect for celebrating love this Valentine’s Day.","<p data-start=""1533"" data-end=""1558"">What’s Inside this Hamper:</p>\n\n<ul data-start=""1560"" data-end=""1943"">\n 	<li data-start=""1560"" data-end=""1627"">\n<p data-start=""1563"" data-end=""1627""><strong data-start=""1563"" data-end=""1577"">Chocolates</strong> – Because life is sweeter when shared with you.</p>\n</li>\n 	<li data-start=""1628"" data-end=""1692"">\n<p data-start=""1631"" data-end=""1692""><strong data-start=""1631"" data-end=""1642"">Candles</strong> – For soft nights and warm, thoughtful moments.</p>\n</li>\n 	<li data-start=""1693"" data-end=""1758"">\n<p data-start=""1696"" data-end=""1758""><strong data-start=""1696"" data-end=""1709"">Sunscreen</strong> – A practical touch, because care is love too.</p>\n</li>\n 	<li data-start=""1759"" data-end=""1831"">\n<p data-start=""1762"" data-end=""1831""><strong data-start=""1762"" data-end=""1780"">Message Scroll</strong> – A handwritten note that carries your feelings.</p>\n</li>\n 	<li data-start=""1832"" data-end=""1890"">\n<p data-start=""1835"" data-end=""1890""><strong data-start=""1835"" data-end=""1846"">Perfume</strong> – A signature scent to remind him of you.</p>\n</li>\n 	<li data-start=""1891"" data-end=""1943"">\n<p data-start=""1894"" data-end=""1943""><strong data-start=""1894"" data-end=""1906"">Beverage</strong> – Every sip crafted to feel special.</p>\n</li>\n</ul>\n<h3 data-start=""1950"" data-end=""1982"">Why He’ll Love This Gift Box</h3>\n<p data-start=""1983"" data-end=""2204"">This Valentine’s gift box is curated to strike the perfect balance between romance and refinement. From premium products to elegant wooden packaging, every element is designed to feel intentional, personal, and memorable.</p>\n\n<h3 data-start=""2211"" data-end=""2236"">When to Gift This Box</h3>\n<p data-start=""2237"" data-end=""2361"">Perfect for Valentine’s Day surprises, romantic gestures, and meaningful moments when you want to express love beyond words.</p>",,,taxable,,1,,,0,0,3,10,12,5,1,,,,"Valentine's Gift Boxes, Gift Boxes for Him","gift for men",,https://thegiftboxx.com/wp-content/uploads/2025/10/WhatsApp-Image-2025-10-26-at-10.45.53_90ce11c4.jpg,,,,,,,,,0,,,"Box Type","Pinewood, Premium Wood",1,0,Pinewood
2198,variation,,,"Valentines Gift Box for Him - Pinewood",1,0,visible,,"Lightweight pinewood box with a clean, elegant finish, ideal for thoughtful gifting.",,,taxable,parent,1,,,0,0,,,,,0,,,4999,,,,,,,id:2167,,,,,,1,,,"Box Type",Pinewood,,0,
2199,variation,,,"Valentines Gift Box for Him - Premium Wood",1,0,visible,,"Premium wooden box with a rich finish, designed for a more luxurious gifting experience.",,,taxable,parent,1,,,0,0,,,,,0,,,6499,,,,,,,id:2167,,,,,,2,,,"Box Type","Premium Wood",,0,
2202,variable,,,"Wellness Box for Her",1,0,visible,"A thoughtfully curated wellness gift box designed to help her slow down, relax, and feel cared for.\n\nFilled with calming essentials and wrapped in elegant wooden packaging, it’s a gentle reminder to prioritise self-care.\n\nOurs Boxes are made of Premium Wood. Contact Us for Curation of Custom Boxes.","<h3 data-start=""1632"" data-end=""1674"">What’s Inside the Wellness Box for Her</h3>\n<p data-start=""1676"" data-end=""1774"">A thoughtfully curated collection of self-care essentials designed to soothe, nourish, and uplift.</p>\n\n<ul data-start=""1776"" data-end=""2562"">\n 	<li data-start=""1776"" data-end=""1854"">\n<p data-start=""1778"" data-end=""1854""><strong data-start=""1778"" data-end=""1794"">Rosemary Tea</strong><br data-start=""1794"" data-end=""1797"" />A calming herbal infusion to help her unwind and relax.</p>\n</li>\n 	<li data-start=""1856"" data-end=""1925"">\n<p data-start=""1858"" data-end=""1925""><strong data-start=""1858"" data-end=""1871"">Trail Mix</strong><br data-start=""1871"" data-end=""1874"" />A wholesome, feel-good snack for mindful moments.</p>\n</li>\n 	<li data-start=""1927"" data-end=""2005"">\n<p data-start=""1929"" data-end=""2005""><strong data-start=""1929"" data-end=""1942"">Bath Salt</strong><br data-start=""1942"" data-end=""1945"" />Perfect for a relaxing soak and spa-like self-care ritual.</p>\n</li>\n 	<li data-start=""2007"" data-end=""2087"">\n<p data-start=""2009"" data-end=""2087""><strong data-start=""2009"" data-end=""2027"">Scented Candle</strong><br data-start=""2027"" data-end=""2030"" />Creates a warm, calming ambience for peaceful evenings.</p>\n</li>\n 	<li data-start=""2089"" data-end=""2163"">\n<p data-start=""2091"" data-end=""2163""><strong data-start=""2091"" data-end=""2110"">Soft Hand Towel</strong><br data-start=""2110"" data-end=""2113"" />Gentle, plush, and perfect for everyday comfort.</p>\n</li>\n 	<li data-start=""2165"" data-end=""2242"">\n<p data-start=""2167"" data-end=""2242""><strong data-start=""2167"" data-end=""2182"">Body Lotion</strong><br data-start=""2182"" data-end=""2185"" />Deeply nourishing and soothing for soft, hydrated skin.</p>\n</li>\n 	<li data-start=""2244"" data-end=""2316"">\n<p data-start=""2246"" data-end=""2316""><strong data-start=""2246"" data-end=""2260"">Hand Cream</strong><br data-start=""2260"" data-end=""2263"" />A daily essential for moisturised, cared-for hands.</p>\n</li>\n 	<li data-start=""2318"" data-end=""2398"">\n<p data-start=""2320"" data-end=""2398""><strong data-start=""2320"" data-end=""2337"">Solid Perfume</strong><br data-start=""2337"" data-end=""2340"" />A subtle, long-lasting fragrance she can carry anywhere.</p>\n</li>\n 	<li data-start=""2400"" data-end=""2477"">\n<p data-start=""2402"" data-end=""2477""><strong data-start=""2402"" data-end=""2414"">Eye Mask</strong><br data-start=""2414"" data-end=""2417"" />Helps reduce tiredness and adds a touch of indulgent care.</p>\n</li>\n 	<li data-start=""2479"" data-end=""2562"">\n<p data-start=""2481"" data-end=""2562""><strong data-start=""2481"" data-end=""2515"">Decorative Coasters (Set of 2)</strong><br data-start=""2515"" data-end=""2518"" />Elegant accents that complement her space.</p>\n</li>\n</ul>\n<h4 data-start=""2569"" data-end=""2597"">Why She’ll Love This Box</h4>\n<ul data-start=""2599"" data-end=""2807"">\n 	<li data-start=""2599"" data-end=""2645"">\n<p data-start=""2601"" data-end=""2645"">Encourages slow, mindful self-care moments</p>\n</li>\n 	<li data-start=""2646"" data-end=""2705"">\n<p data-start=""2648"" data-end=""2705"">A balance of wellness, comfort, and everyday indulgence</p>\n</li>\n 	<li data-start=""2706"" data-end=""2756"">\n<p data-start=""2708"" data-end=""2756"">Thoughtful items she’ll actually use and enjoy</p>\n</li>\n 	<li data-start=""2757"" data-end=""2807"">\n<p data-start=""2759"" data-end=""2807"">Designed to feel calming, warm, and meaningful</p>\n</li>\n</ul>\n<h4 data-start=""2814"" data-end=""2839"">When to Gift This Box</h4>\n<p data-start=""2840"" data-end=""2931"">Ideal for self-care gifting, birthdays, wellness moments, and thoughtful surprises for her.</p>",,,taxable,,1,,,0,0,3,10,12,5,1,,,,"Wellness Gift Boxes, Gift Boxes for Her","self care gift",,"https://thegiftboxx.com/wp-content/uploads/2025/10/2c6af7ed74d5ed3140924cd2b0b4ff21.jpg, https://thegiftboxx.com/wp-content/uploads/2026/01/43486-1.jpg, https://thegiftboxx.com/wp-content/uploads/2026/01/43605-scaled.jpg, https://thegiftboxx.com/wp-content/uploads/2026/01/43604-scaled.jpg, https://thegiftboxx.com/wp-content/uploads/2026/01/43588-1-scaled.jpg",,,,,,,,,0,,,"Box Type","Pinewood, Premium Wood",1,0,Pinewood
2203,variation,,,"Wellness Box for Her - Pinewood",1,0,visible,,"Crafted with pinewood, this lightweight box features a clean, natural finish, perfect for elegant and thoughtful wellness gifting.",,,taxable,parent,1,,,0,0,,,,,0,,,5499,,,,,,,id:2202,,,,,,1,,,"Box Type",Pinewood,,0,
2204,variation,,,"Wellness Box for Her - Premium Wood",1,0,visible,,"Made with sturdy plywood for a more solid feel, this box offers a refined and durable gifting experience with a premium finish.",,,taxable,parent,1,,,0,0,,,,,0,,,6999,,,,,,,id:2202,,,,,,2,,,"Box Type","Premium Wood",,0,
2311,variable,,,"Men in Black Boxx",1,0,visible,"Looking for a premium gift hamper for men that actually feels luxurious?\n\nThe Men in Black Box is a bold, curated gift box designed for modern men who appreciate style, grooming and premium essentials.\n\nOur Boxes are made of Premium Wood. Contact Us for Curation of Custom Boxes.","What’s Inside this Hamper\n<h3><strong>♦ Classic Box</strong></h3>\n<ul>\n 	<li><strong>Stylish Sunglasses by <a href=""https://voyageeyewear.com/"" target=""_blank"" rel=""nofollow noopener"">Voyage</a></strong><em>\nA sharp, modern accessory to elevate everyday style.</em></li>\n 	<li><strong>Premium Watch by <a href=""https://www.mnmlst.in/"" target=""_blank"" rel=""noopener"">MNMSLT</a></strong><em>\nClean, contemporary timepiece designed to make a statement.</em><strong>\n</strong></li>\n 	<li><strong>Parker Pen</strong>\n<em>Timeless writing essential for daily use and special moments.</em></li>\n 	<li><strong>Hair Styling Pomade\n</strong><em>For effortless grooming and all-day hold.</em></li>\n 	<li><strong>Eye Mask</strong><em>\nDesigned for rest, relaxation, and better downtime.</em></li>\n 	<li><strong>Assorted Cigar Chocolates by <a href=""https://lepure.in/"" target=""_blank"" rel=""nofollow noopener"">LePure</a></strong><em>\nRich, indulgent chocolates crafted for refined tastes.</em></li>\n 	<li><strong>Card Holder by <a href=""https://www.thewalletstore.in/"" target=""_blank"" rel=""nofollow noopener"">The Wallet Store</a></strong><em>\nSleek and practical everyday accessory.</em></li>\n 	<li><strong>Mug</strong><em>\nA simple yet thoughtful addition for everyday moments.</em></li>\n 	<li><strong>Perfume for Him by <a href=""https://www.villain.in/"" target=""_blank"" rel=""nofollow noopener"">Villain</a></strong><em>\nA bold fragrance that complements his personality.</em></li>\n 	<li><strong>Motivational Frame – “Believe in Yourself”</strong><em>\nA daily reminder to stay confident and focused.</em></li>\n</ul>\n<h3>♦ Luxury Box</h3>\n<ul>\n 	<li><strong>Headphones by <a href=""https://www.gonoise.com/"" target=""_blank"" rel=""nofollow noopener"">Noise</a></strong><em>\n</em><em>Immersive sound designed for everyday listening and travel.</em></li>\n 	<li><strong>Hair Styling Pomade</strong><em>\nFor polished grooming and effortless style.</em></li>\n 	<li><strong>Eye Mask</strong><em>\nCrafted for comfort and restful moments.</em></li>\n 	<li><strong>Parker Pen</strong><em>\nA premium writing instrument with timeless appeal.</em></li>\n 	<li><strong>Men’s Perfume by <a href=""https://www.villain.in/"" target=""_blank"" rel=""nofollow noopener"">Villain</a></strong><em>\nA strong, long-lasting fragrance designed for modern men.</em></li>\n 	<li><strong>Card Holder by <a href=""https://www.thewalletstore.in/"" target=""_blank"" rel=""nofollow noopener"">The Wallet Store</a></strong><em>\nMinimal, functional, and refined.</em></li>\n 	<li><strong>Assorted Cigar Chocolates by <a href=""https://lepure.in/"" target=""_blank"" rel=""nofollow noopener"">LePure</a></strong><em>\nAn indulgent treat for premium gifting.</em></li>\n 	<li><strong>Motivational Frame – “Believe in Yourself”</strong><em>\nA statement piece that inspires confidence every day.</em></li>\n</ul>\n<h3 data-start=""4057"" data-end=""4089"">Why Choose Men in Black Boxx</h3>\n<p data-start=""4090"" data-end=""4331"">The Men in Black Boxx is designed for men who appreciate bold design, premium brands, and purposeful gifting. Whether you choose the Classic or Luxury box, each variation delivers a powerful gifting experience with a refined, masculine edge.</p>\n\n<h3 data-start=""4338"" data-end=""4363"">When to Gift This Box</h3>\n<p data-start=""4364"" data-end=""4463"">Ideal for birthdays, milestones, achievements, and moments that call for a confident, premium gift.</p>",,,taxable,,1,,,0,0,5,10,12,5,1,,,,"Gift Boxes for Him, Birthday Gift Boxes","luxury gift for men, premium gift hamper for men",,"https://thegiftboxx.com/wp-content/uploads/2026/01/89881-1.jpg, https://thegiftboxx.com/wp-content/uploads/2026/01/89880-1.jpg, https://thegiftboxx.com/wp-content/uploads/2026/01/89866.png, https://thegiftboxx.com/wp-content/uploads/2026/01/89862-1.png, https://thegiftboxx.com/wp-content/uploads/2026/01/89972.png, https://thegiftboxx.com/wp-content/uploads/2026/01/89973.png, https://thegiftboxx.com/wp-content/uploads/2026/01/Wallet-TWS.webp, https://thegiftboxx.com/wp-content/uploads/2026/01/Wallet.webp, https://thegiftboxx.com/wp-content/uploads/2026/01/Sunglasses.webp, https://thegiftboxx.com/wp-content/uploads/2026/01/Watch-MNMLST.webp, https://thegiftboxx.com/wp-content/uploads/2026/01/Watch.webp, https://thegiftboxx.com/wp-content/uploads/2026/01/villian-perfume.webp, https://thegiftboxx.com/wp-content/uploads/2026/01/Parker-Pen.jpg, https://thegiftboxx.com/wp-content/uploads/2026/01/mug.webp, https://thegiftboxx.com/wp-content/uploads/2026/01/Believe-in-yourself2.jpg, https://thegiftboxx.com/wp-content/uploads/2026/01/Pomade.avif, https://thegiftboxx.com/wp-content/uploads/2026/01/Eye-Mask.webp",,,,,,,,,0,,,Style,"Classic, Luxury",1,0,Classic
2315,variation,,,"Men in Black Boxx - Classic",1,0,visible,,"A refined selection of stylish essentials designed for everyday elegance. Ideal for thoughtful gifting with a balance of utility and premium appeal.\nCheck Description for contents for this Hamper.",,,taxable,parent,1,,,0,0,,,,,0,,,12000,,,,,,,id:2311,,,,,,1,,,Style,Classic,,0,
2316,variation,,,"Men in Black Boxx - Luxury",1,0,visible,,"An elevated gifting experience featuring premium upgrades and statement pieces. Designed for those who prefer a richer, more indulgent gift box.\nCheck Description for contents for this Hamper.",,,taxable,parent,1,,,0,0,,,,,0,,,13500,,,,,,,id:2311,,,,,,2,,,Style,Luxury,,0,
2390,variable,,,"Valentine’s Gift Box for Her",1,0,visible,"A romantic Valentine’s gift box thoughtfully curated to make her feel loved and appreciated.\n\nFilled with sweet indulgences, elegant essentials, and premium wooden packaging, it’s made for meaningful moments.\n\nOur Boxes are made of Premium Wood. Contact Us for Curation of Custom Boxes.","<h3 data-start=""1512"" data-end=""1538"">What’s Inside the Boxx</h3>\n<p data-start=""1540"" data-end=""1640"">A thoughtfully curated Valentine’s collection designed to celebrate love in the most meaningful way.</p>\n\n<ul data-start=""1642"" data-end=""2261"">\n 	<li data-start=""1642"" data-end=""1721"">\n<p data-start=""1644"" data-end=""1721""><strong data-start=""1644"" data-end=""1662"">Premium Wallet</strong><br data-start=""1662"" data-end=""1665"" />A stylish and practical essential he’ll use every day.</p>\n</li>\n 	<li data-start=""1723"" data-end=""1805"">\n<p data-start=""1725"" data-end=""1805""><strong data-start=""1725"" data-end=""1739"">Chocolates</strong><br data-start=""1739"" data-end=""1742"" />Because Valentine’s celebrations are sweeter with indulgence.</p>\n</li>\n 	<li data-start=""1807"" data-end=""1875"">\n<p data-start=""1809"" data-end=""1875""><strong data-start=""1809"" data-end=""1820"">Candles</strong><br data-start=""1820"" data-end=""1823"" />Soft lighting to create a warm, romantic ambience.</p>\n</li>\n 	<li data-start=""1877"" data-end=""1956"">\n<p data-start=""1879"" data-end=""1956""><strong data-start=""1879"" data-end=""1904"">Cute Decorative Frame</strong><br data-start=""1904"" data-end=""1907"" />A keepsake that captures emotions and memories.</p>\n</li>\n 	<li data-start=""1958"" data-end=""2024"">\n<p data-start=""1960"" data-end=""2024""><strong data-start=""1960"" data-end=""1979"">Love-Themed Mug</strong><br data-start=""1979"" data-end=""1982"" />A sweet reminder of love with every sip.</p>\n</li>\n 	<li data-start=""2026"" data-end=""2100"">\n<p data-start=""2028"" data-end=""2100""><strong data-start=""2028"" data-end=""2039"">Coaster</strong><br data-start=""2039"" data-end=""2042"" />A thoughtful everyday accessory to complement her space.</p>\n</li>\n 	<li data-start=""2102"" data-end=""2181"">\n<p data-start=""2104"" data-end=""2181""><strong data-start=""2104"" data-end=""2115"">Perfume</strong><br data-start=""2115"" data-end=""2118"" />A beautiful fragrance to make her feel special and confident.</p>\n</li>\n 	<li data-start=""2183"" data-end=""2261"">\n<p data-start=""2185"" data-end=""2261""><strong data-start=""2185"" data-end=""2196"">Cookies</strong><br data-start=""2196"" data-end=""2199"" />A delightful treat to enjoy during cozy Valentine’s moments.</p>\n</li>\n</ul>\n<h4 data-start=""2268"" data-end=""2308"">Why She’ll Love This Valentine’s Box</h4>\n<ul data-start=""2310"" data-end=""2522"">\n 	<li data-start=""2310"" data-end=""2365"">\n<p data-start=""2312"" data-end=""2365"">A perfect blend of romance, utility, and indulgence</p>\n</li>\n 	<li data-start=""2366"" data-end=""2410"">\n<p data-start=""2368"" data-end=""2410"">Thoughtful items she can use and cherish</p>\n</li>\n 	<li data-start=""2411"" data-end=""2462"">\n<p data-start=""2413"" data-end=""2462"">Designed to feel warm, personal, and meaningful</p>\n</li>\n 	<li data-start=""2463"" data-end=""2522"">\n<p data-start=""2465"" data-end=""2522"">Premium wooden box that elevates the gifting experience</p>\n</li>\n</ul>\n<h4 data-start=""2529"" data-end=""2554"">When to Gift This Box</h4>\n<p data-start=""2555"" data-end=""2676"">Ideal for Valentine’s Day surprises, romantic gestures, and heartfelt moments when you want to express love beyond words.</p>",,,taxable,,1,,,0,0,3,10,12,5,1,,,,"Valentine's Gift Boxes, Gift Boxes for Her","gift for her",,"https://thegiftboxx.com/wp-content/uploads/2026/01/43486-1.jpg, https://thegiftboxx.com/wp-content/uploads/2026/01/43588-scaled.jpg, https://thegiftboxx.com/wp-content/uploads/2026/01/43605-scaled.jpg, https://thegiftboxx.com/wp-content/uploads/2026/01/43604-scaled.jpg",,,,,,,,,0,,,"Box Type","Pinewood, Premium Wood",1,0,Pinewood
2391,variation,,,"Valentine’s Gift Box for Her - Pinewood",1,0,visible,,"Crafted with pinewood, this lightweight box features a soft, natural finish, perfect for elegant and heartfelt Valentine’s gifting.",,,taxable,parent,1,,,0,0,,,,,0,,,4999,,,,,,,id:2390,,,,,,1,,,"Box Type",Pinewood,,0,
2392,variation,,,"Valentine’s Gift Box for Her - Premium Wood",1,0,visible,,"Made with premium wood for a more solid and premium feel, this box offers a refined Valentine’s gifting experience.",,,taxable,parent,1,,,0,0,,,,,0,,,6499,,,,,,,id:2390,,,,,,2,,"[]","Box Type","Premium Wood",,0,
